SIFT_시간,평균 정상점 정합률,최대 정상점 정합률,평균 Inlier match 수,평균 영상 정합률,평균 tiepoint 수,평균 keypoint 수
3.3779828548431396,0.7331859551495907,0.9127954360228199,568.5087719298245,0.3718856452232031,766.0877192982456,2063.0877192982457
KAZE_시간,평균 정상점 정합률,최대 정상점 정합률,평균 Inlier match 수,평균 영상 정합률,평균 tiepoint 수,평균 keypoint 수
8.325171947479248,0.9059594645468735,0.9902971497877502,657.8421052631579,0.4838321757653456,718.9473684210526,1474.561403508772
ORB_시간,평균 정상점 정합률,최대 정상점 정합률,평균 Inlier match 수,평균 영상 정합률,평균 tiepoint 수,평균 keypoint 수
0.5103135108947754,0.808804662257216,0.980327868852459,177.0,0.42954385964912284,214.7719298245614,500.0
