SIFT_시간,평균 정상점 정합률,최대 정상점 정합률,평균 Inlier match 수,평균 영상 정합률,평균 tiepoint 수,평균 keypoint 수
4.983705997467041,0.686280309769157,0.8991723100075244,637.2388059701492,0.34788240436714396,916.7164179104477,2644.134328358209
KAZE_시간,평균 정상점 정합률,최대 정상점 정합률,평균 Inlier match 수,평균 영상 정합률,평균 tiepoint 수,평균 keypoint 수
9.514175176620483,0.8633246495143311,0.9874888293118856,715.955223880597,0.4625517525221173,823.3134328358209,1786.2686567164178
ORB_시간,평균 정상점 정합률,최대 정상점 정합률,평균 Inlier match 수,평균 영상 정합률,평균 tiepoint 수,평균 keypoint 수
0.6447210311889648,0.7593599858751686,0.9731343283582089,161.82089552238807,0.417044776119403,208.52238805970148,500.0
