SIFT_시간,평균 정상점 정합률,최대 정상점 정합률,평균 Inlier match 수,평균 영상 정합률,평균 tiepoint 수,평균 keypoint 수
10.195921659469604,0.515680357155453,0.8991723100075244,424.80582524271847,0.2978985468890092,791.1941747572815,2667.5436893203882
KAZE_시간,평균 정상점 정합률,최대 정상점 정합률,평균 Inlier match 수,평균 영상 정합률,평균 tiepoint 수,평균 keypoint 수
10.199281215667725,0.6994248214724414,0.9874888293118856,484.91747572815535,0.37453584987058863,671.8300970873786,1802.888349514563
ORB_시간,평균 정상점 정합률,최대 정상점 정합률,평균 Inlier match 수,평균 영상 정합률,평균 tiepoint 수,평균 keypoint 수
0.8909497261047363,0.5901926231955793,0.9731343283582089,112.14563106796116,0.36523300970873784,182.61650485436894,500.0
ORB_시간,평균 정상점 정합률,최대 정상점 정합률,평균 Inlier match 수,평균 영상 정합률,평균 tiepoint 수,평균 keypoint 수
0.8890137672424316,0.5901926231955793,0.9731343283582089,112.14563106796116,0.36523300970873784,182.61650485436894,500.0
KAZE_시간,평균 정상점 정합률,최대 정상점 정합률,평균 Inlier match 수,평균 영상 정합률,평균 tiepoint 수,평균 keypoint 수
10.551363945007324,0.6994248214724414,0.9874888293118856,484.91747572815535,0.37453584987058863,671.8300970873786,1802.888349514563
SIFT_시간,평균 정상점 정합률,최대 정상점 정합률,평균 Inlier match 수,평균 영상 정합률,평균 tiepoint 수,평균 keypoint 수
10.254923582077026,0.515680357155453,0.8991723100075244,424.80582524271847,0.2978985468890092,791.1941747572815,2667.5436893203882
