SIFT_시간,평균 정상점 정합률,최대 정상점 정합률,평균 Inlier match 수,평균 영상 정합률,평균 tiepoint 수,평균 keypoint 수
6.3220744132995605,0.6726435388193781,0.8966861598440545,784.6417910447761,0.35346806698442323,1149.1194029850747,3261.089552238806
KAZE_시간,평균 정상점 정합률,최대 정상점 정합률,평균 Inlier match 수,평균 영상 정합률,평균 tiepoint 수,평균 keypoint 수
10.176902532577515,0.8639634730556203,0.9840881272949816,960.0746268656717,0.46965177668001074,1102.7611940298507,2357.3582089552237
ORB_시간,평균 정상점 정합률,최대 정상점 정합률,평균 Inlier match 수,평균 영상 정합률,평균 tiepoint 수,평균 keypoint 수
0.7215642929077148,0.7362810985320241,0.9765100671140939,156.91044776119404,0.4162089552238805,208.1044776119403,500.0
