SIFT_시간,평균 정상점 정합률,최대 정상점 정합률,평균 Inlier match 수,평균 영상 정합률,평균 tiepoint 수,평균 keypoint 수
3.051008462905884,0.7491824478551484,0.8793706293706294,468.38709677419354,0.38237753034016236,619.3387096774194,1625.516129032258
KAZE_시간,평균 정상점 정합률,최대 정상점 정합률,평균 Inlier match 수,평균 영상 정합률,평균 tiepoint 수,평균 keypoint 수
8.493922710418701,0.9083815672145273,0.9884453781512605,490.7741935483871,0.4887072500989589,537.0967741935484,1109.5645161290322
ORB_시간,평균 정상점 정합률,최대 정상점 정합률,평균 Inlier match 수,평균 영상 정합률,평균 tiepoint 수,평균 keypoint 수
0.534379243850708,0.8249657102728584,0.9731543624161074,181.91935483870967,0.4348387096774194,217.41935483870967,500.0
